Workbook

Sheet Bot-generated content
A1: SAA PRD 2 · Content determined by the Career Counselling bot (Career Mentor)
A2: Every row is content generated from the learner's counselling session (chat answers, learning profile statements and skill check) by the Pathway Engine, so it differs for every learner. Examples are the PRD's sample values (Rohan / Sneha).
A4: # | B4: PRD section | C4: Screen ID | D4: Screen name | E4: Section / element on screen | F4: What the counselling bot determines | G4: Content type | H4: Example (from the PRD) | I4: Pathway engine can deliver? (as of 18 Oct 2026, engine seed v2.1.0) | J4: Gap / what's needed
A5: 1 | B5: 2.4 Results | C5: CC-12 | D5: Chat – recommended courses | E5: Report link card | F5: The learner's career report (the card links to it, named after the learner). | G5: Report | H5: "Rohan's career report · Your type, how you learn and what you enjoy." | I5: Yes | J5: Links to CC-14; contents from GET /results (interest_type, how_you_learn, interests).
A6: 2 | B6: 2.4 Results | C6: CC-12 | D6: Chat – recommended courses | E6: Course cards (1 or 2) | F6: Which 1 or 2 courses are recommended (the engine's plan), in order. | G6: Recommendation | H6: Python for data work; Spreadsheets to SQL | I6: Yes | J6: counselling.courses (B3 built). Example courses must first be added to courses.json.
A7: 3 | B7: 2.4 Results | C7: CC-12 | D7: Chat – recommended courses | E7: Card: Best match tag | F7: Which course is the top match. | G7: Recommendation | H7: "Best match" on Python for data work | I7: Yes | J7: counselling.courses[0].label = "Best match" (B4 built).
A8: 4 | B8: 2.4 Results | C8: CC-12 | D8: Chat – recommended courses | E8: Card: reason | F8: One or two lines on why the course fits, from the engine's course_reason template. | G8: Text | H8: "After Python for data work, you are likely to be able to … These skills are used in Data & Analytics roles such as data analyst trainee and MIS executive." | I8: Yes | J8: templates.json › course_reason (D17).
A9: 5 | B9: 2.4 Results | C9: CC-12 | D9: Chat – recommended courses | E9: Card: fit | F9: Label for each course by plan order. | G9: Level / rating | H9: Best match / Good fit | I9: Yes | J9: Label by order (D6, B4 built). No High / Medium, no %.
A10: 6 | B10: 2.4 Results | C10: CC-12 | D10: Chat – recommended courses | E10: Side panel: Your answers / Your career report | F10: The learner's captured answers, and the saved report card once the test is done. | G10: Text | H10: "Your career report · Saved to your profile" | I10: Yes | J10: GET /learners/{id}/answers (B1 built).
A11: 7 | B11: 2.4 Results | C11: CC-13 | D11: Chat – pathway drawer | E11: Header: fit and total time | F11: Course label, pathway category and total pathway time at the learner's weekly hours. | G11: Level / rating | H11: "Best match" · "29 weeks at 2–3 hours a week" | I11: Yes | J11: pathway.weeks (B6 built). Category comes from the course questionnaire (D23); empty until filled.
A12: 8 | B12: 2.4 Results | C12: CC-13 | D12: Chat – pathway drawer | E12: Why this suits you | F12: The reason for the course (same as the card). | G12: Text | H12: Reason paragraph | I12: Yes | J12: course_reason template (D17).
A13: 9 | B13: 2.4 Results | C13: CC-13 | D13: Chat – pathway drawer | E13: Timeline note | F13: Shown only when the pathway runs past the learner's chosen timeline. | G13: Text (conditional) | H13: "This runs a little past your timeline. More hours a week would shorten it." | I13: Yes | J13: pathway.timeline_note when pathway weeks run past the earning timeline (B6 built).
A14: 10 | B14: 2.4 Results | C14: CC-14 | D14: Career report (full page) | E14: Header: prepared on | F14: Date the report was made at the end of the session. | G14: Date | H14: "Prepared on 9 Oct 2026" | I14: Yes | J14: Run date.
A15: 11 | B15: 2.4 Results | C15: CC-14 | D15: Career report (full page) | E15: Your type | F15: Type name and one-line description. | G15: Text | H15: "The People Helper · You like helping, teaching and working closely with people." | I15: Yes | J15: interest_type of the top interest area (D8, built).
A16: 12 | B16: 2.4 Results | C16: CC-14 | D16: Career report (full page) | E16: How you learn tags | F16: The learner's 4 "How you learn" tags. | G16: Labels | H16: Clear goal, Starting from basics, Building over time, Self-driven | I16: Yes | J16: how_you_learn.tags from persona_rules.json pole tags (B8 built).
... A38: 34 | B38: 2.4 Results | C38: CC-20 | D38: Chat – compare your options | E38: Compare table (2 courses) | F38: The 2 courses side by side; shown only when the plan has 2 courses. | G38: Recommendation | H38: Python for data work vs Spreadsheets to SQL | I38: Yes | J38: counselling.compare_available + courses (D16). Roles fall back to goal-area example roles and coding is empty until the course questionnaire is filled (D23).
A40: Related, but not bot content
B41: PRD 1 · Home | C41: H-02 to H-05 | D41: Home after counselling | E41: Recommended courses | F41: Home shows the same 1 or 2 recommended courses (covered in PRD 1). | G41: Recommendation
B42: 3 My Profile | C42: MP-08 | D42: Updates | E42: "Your career report is saved" update | F42: An update is created when the bot saves a report; the text itself is fixed. | G42: Event (fixed text) | H42: "Your Career Mentor saved your report and picked courses for you."
B43: 5 Explore | C43: EX-01 | D43: Explore – before counselling | E43: "Your next step" banner | F43: Shown only until counselling is complete (the bot's completion hides it). No bot content. | G43: State only

Sheet Summary by screen
A1: Bot-generated items per screen
A3: Screen ID | B3: Screen name | C3: PRD section | D3: Items from the bot | F3: Engine delivers
A4: CC-12 | B4: Chat – recommended courses | C4: 2.4 Results | D4: =COUNTIF('Bot-generated content'!$C$5:$C$38,A4) | F4: Yes | G4: =COUNTIF('Bot-generated content'!$I$4:$I$40,F4)
A5: CC-13 | B5: Chat – pathway drawer | C5: 2.4 Results | D5: =COUNTIF('Bot-generated content'!$C$5:$C$38,A5) | F5: Partial | G5: =COUNTIF('Bot-generated content'!$I$4:$I$40,F5)
A6: CC-14 | B6: Career report (full page) | C6: 2.4 Results | D6: =COUNTIF('Bot-generated content'!$C$5:$C$38,A6) | F6: No | G6: =COUNTIF('Bot-generated content'!$I$4:$I$40,F6)
A7: CC-15 | B7: Career Counselling – completed (hub) | C7: 2.5 After counselling | D7: =COUNTIF('Bot-generated content'!$C$5:$C$38,A7)
A8: CC-18 | B8: Previous reports | C8: 2.5 After counselling | D8: =COUNTIF('Bot-generated content'!$C$5:$C$38,A8)
A9: CC-19 | B9: Review counselling session | C9: 2.5 After counselling | D9: =COUNTIF('Bot-generated content'!$C$5:$C$38,A9)
A10: EX-02 | B10: Explore – after counselling | C10: 5 Explore | D10: =COUNTIF('Bot-generated content'!$C$5:$C$38,A10)
A11: PW-02 | B11: Pathway – in progress | C11: 6 Pathway page | D11: =COUNTIF('Bot-generated content'!$C$5:$C$38,A11)
A12: Total | D12: =SUM(D4:D11)
A14: By content type
A15: Content type | B15: Items
A16: Date | B16: =COUNTIF('Bot-generated content'!$G$5:$G$38,A16)
A17: Labels | B17: =COUNTIF('Bot-generated content'!$G$5:$G$38,A17)
A18: Level / rating | B18: =COUNTIF('Bot-generated content'!$G$5:$G$38,A18)
A19: Recommendation | B19: =COUNTIF('Bot-generated content'!$G$5:$G$38,A19)
A20: Report | B20: =COUNTIF('Bot-generated content'!$G$5:$G$38,A20)
A21: Report (history) | B21: =COUNTIF('Bot-generated content'!$G$5:$G$38,A21)
A22: Report (summary) | B22: =COUNTIF('Bot-generated content'!$G$5:$G$38,A22)
A23: Text | B23: =COUNTIF('Bot-generated content'!$G$5:$G$38,A23)
A24: Text (conditional) | B24: =COUNTIF('Bot-generated content'!$G$5:$G$38,A24)
A25: Text + Level / rating | B25: =COUNTIF('Bot-generated content'!$G$5:$G$38,A25)
A26: Text + Recommendation | B26: =COUNTIF('Bot-generated content'!$G$5:$G$38,A26)
A27: Transcript | B27: =COUNTIF('Bot-generated content'!$G$5:$G$38,A27)

Sheet Notes
A1: Notes
A3: • Source: SAA PRD 2 · Career counselling and beyond (Claude Doc), sections 2, 5 and 6, and the addendum "Counselling build instructions" (D1–D23), as of 18 Oct 2026.
A4: • "Counselling bot" = the Career Mentor chat (CC-02 to CC-11). It collects answers; the Pathway Engine (rule-based, no AI in scoring) builds the report and picks the 1 or 2 courses. The picture test is removed.
A5: • All rows on the first sheet vary per learner. The rules are in the Pathway Engine Backend Specification and the pathway-engine code (seed v2.1.0); the API fields are listed in the engine README, "Counselling screens".
A6: • Not from the bot: course and pathway details on cards (catalogue), % complete (learner progress), headings and buttons (fixed copy).
A7: • CC-01, CC-02 to CC-11 (chat layout), CC-17 (retake notice), My Profile, Achievements, and the course page show no bot-generated content.
A8: • CC-16 (report pop-up) was removed; its content now lives only on CC-14.
A9: • Still open outside the engine: the PDF export (B7) and the CC-19 screen (B2) are platform builds; course tags (provider, coding, category, roles per pathway) come from the content team's course questionnaire.
